<annotation verified="yes">
	<folder>images</folder>
	<filename>im1.jpg</filename>
	<path>D:\JavaScript\NoteBook_det2\dataset\images\im1.jpg</path>
	<source>
		<database>Unknown</database>
	</source>
	<size>
		<width>1300</width>
		<height>956</height>
		<depth>3</depth>
	</size>
	<segmented>0</segmented>
	<object>
		<name>notebook</name>
		<pose>Unspecified</pose>
		<truncated>0</truncated>
		<difficult>0</difficult>
		<bndbox>
			<xmin>630</xmin>
			<ymin>196</ymin>
			<xmax>1105</xmax>
			<ymax>856</ymax>
		</bndbox>
	</object>
</annotation>
