<annotation>
	<folder>images</folder>
	<filename>im2.jpg</filename>
	<path>D:\JavaScript\NoteBook_det2\dataset\images\im2.jpg</path>
	<source>
		<database>Unknown</database>
	</source>
	<size>
		<width>1000</width>
		<height>714</height>
		<depth>3</depth>
	</size>
	<segmented>0</segmented>
	<object>
		<name>notebook</name>
		<pose>Unspecified</pose>
		<truncated>0</truncated>
		<difficult>0</difficult>
		<bndbox>
			<xmin>114</xmin>
			<ymin>168</ymin>
			<xmax>287</xmax>
			<ymax>427</ymax>
		</bndbox>
	</object>
	<object>
		<name>notebook</name>
		<pose>Unspecified</pose>
		<truncated>0</truncated>
		<difficult>0</difficult>
		<bndbox>
			<xmin>284</xmin>
			<ymin>181</ymin>
			<xmax>435</xmax>
			<ymax>416</ymax>
		</bndbox>
	</object>
</annotation>
