<annotation>
	<folder>images</folder>
	<filename>im4.jpg</filename>
	<path>D:\JavaScript\NoteBook_det2\dataset\images\im4.jpg</path>
	<source>
		<database>Unknown</database>
	</source>
	<size>
		<width>900</width>
		<height>662</height>
		<depth>3</depth>
	</size>
	<segmented>0</segmented>
	<object>
		<name>notebook</name>
		<pose>Unspecified</pose>
		<truncated>0</truncated>
		<difficult>0</difficult>
		<bndbox>
			<xmin>91</xmin>
			<ymin>260</ymin>
			<xmax>380</xmax>
			<ymax>589</ymax>
		</bndbox>
	</object>
</annotation>
