<annotation>
	<folder>images</folder>
	<filename>im5.jpg</filename>
	<path>D:\JavaScript\NoteBook_det2\dataset\images\im5.jpg</path>
	<source>
		<database>Unknown</database>
	</source>
	<size>
		<width>1600</width>
		<height>1167</height>
		<depth>3</depth>
	</size>
	<segmented>0</segmented>
	<object>
		<name>notebook</name>
		<pose>Unspecified</pose>
		<truncated>0</truncated>
		<difficult>0</difficult>
		<bndbox>
			<xmin>611</xmin>
			<ymin>628</ymin>
			<xmax>1082</xmax>
			<ymax>1006</ymax>
		</bndbox>
	</object>
</annotation>
