<annotation>
	<folder>images</folder>
	<filename>im9.jpg</filename>
	<path>D:\JavaScript\NoteBook_det2\dataset\images\im9.jpg</path>
	<source>
		<database>Unknown</database>
	</source>
	<size>
		<width>1300</width>
		<height>866</height>
		<depth>3</depth>
	</size>
	<segmented>0</segmented>
	<object>
		<name>notebook</name>
		<pose>Unspecified</pose>
		<truncated>0</truncated>
		<difficult>0</difficult>
		<bndbox>
			<xmin>694</xmin>
			<ymin>172</ymin>
			<xmax>1183</xmax>
			<ymax>781</ymax>
		</bndbox>
	</object>
</annotation>
