<annotation>
	<folder>images</folder>
	<filename>im91.jpg</filename>
	<path>D:\JavaScript\NoteBook_det2\dataset\images\im91.jpg</path>
	<source>
		<database>Unknown</database>
	</source>
	<size>
		<width>590</width>
		<height>393</height>
		<depth>3</depth>
	</size>
	<segmented>0</segmented>
	<object>
		<name>notebook</name>
		<pose>Unspecified</pose>
		<truncated>0</truncated>
		<difficult>0</difficult>
		<bndbox>
			<xmin>104</xmin>
			<ymin>84</ymin>
			<xmax>341</xmax>
			<ymax>353</ymax>
		</bndbox>
	</object>
</annotation>
