<annotation>
	<folder>images</folder>
	<filename>im92.jpg</filename>
	<path>D:\JavaScript\NoteBook_det2\dataset\images\im92.jpg</path>
	<source>
		<database>Unknown</database>
	</source>
	<size>
		<width>1060</width>
		<height>809</height>
		<depth>3</depth>
	</size>
	<segmented>0</segmented>
	<object>
		<name>notebook</name>
		<pose>Unspecified</pose>
		<truncated>0</truncated>
		<difficult>0</difficult>
		<bndbox>
			<xmin>149</xmin>
			<ymin>119</ymin>
			<xmax>538</xmax>
			<ymax>686</ymax>
		</bndbox>
	</object>
	<object>
		<name>notebook</name>
		<pose>Unspecified</pose>
		<truncated>0</truncated>
		<difficult>0</difficult>
		<bndbox>
			<xmin>528</xmin>
			<ymin>118</ymin>
			<xmax>919</xmax>
			<ymax>684</ymax>
		</bndbox>
	</object>
</annotation>
