<annotation>
	<folder>images</folder>
	<filename>im93.png</filename>
	<path>D:\JavaScript\NoteBook_det2\dataset\images\im93.png</path>
	<source>
		<database>Unknown</database>
	</source>
	<size>
		<width>350</width>
		<height>329</height>
		<depth>3</depth>
	</size>
	<segmented>0</segmented>
	<object>
		<name>partial</name>
		<pose>Unspecified</pose>
		<truncated>1</truncated>
		<difficult>0</difficult>
		<bndbox>
			<xmin>5</xmin>
			<ymin>7</ymin>
			<xmax>341</xmax>
			<ymax>329</ymax>
		</bndbox>
	</object>
</annotation>
