<annotation>
	<folder>images</folder>
	<filename>im94.png</filename>
	<path>D:\JavaScript\NoteBook_det2\dataset\images\im94.png</path>
	<source>
		<database>Unknown</database>
	</source>
	<size>
		<width>830</width>
		<height>1136</height>
		<depth>3</depth>
	</size>
	<segmented>0</segmented>
	<object>
		<name>notebook</name>
		<pose>Unspecified</pose>
		<truncated>1</truncated>
		<difficult>0</difficult>
		<bndbox>
			<xmin>4</xmin>
			<ymin>1</ymin>
			<xmax>830</xmax>
			<ymax>1052</ymax>
		</bndbox>
	</object>
</annotation>
