<annotation>
	<folder>images</folder>
	<filename>im95.png</filename>
	<path>D:\JavaScript\NoteBook_det2\dataset\images\im95.png</path>
	<source>
		<database>Unknown</database>
	</source>
	<size>
		<width>2408</width>
		<height>2768</height>
		<depth>3</depth>
	</size>
	<segmented>0</segmented>
	<object>
		<name>notebook</name>
		<pose>Unspecified</pose>
		<truncated>0</truncated>
		<difficult>0</difficult>
		<bndbox>
			<xmin>882</xmin>
			<ymin>936</ymin>
			<xmax>1643</xmax>
			<ymax>1636</ymax>
		</bndbox>
	</object>
</annotation>
