<annotation>
	<folder>images</folder>
	<filename>im96.jpg</filename>
	<path>D:\JavaScript\NoteBook_det2\dataset\images\im96.jpg</path>
	<source>
		<database>Unknown</database>
	</source>
	<size>
		<width>1600</width>
		<height>1285</height>
		<depth>3</depth>
	</size>
	<segmented>0</segmented>
	<object>
		<name>notebook</name>
		<pose>Unspecified</pose>
		<truncated>0</truncated>
		<difficult>0</difficult>
		<bndbox>
			<xmin>662</xmin>
			<ymin>584</ymin>
			<xmax>1040</xmax>
			<ymax>1046</ymax>
		</bndbox>
	</object>
	<object>
		<name>notebook</name>
		<pose>Unspecified</pose>
		<truncated>0</truncated>
		<difficult>0</difficult>
		<bndbox>
			<xmin>1010</xmin>
			<ymin>584</ymin>
			<xmax>1350</xmax>
			<ymax>1068</ymax>
		</bndbox>
	</object>
</annotation>
