<annotation>
	<folder>images</folder>
	<filename>im97.jpg</filename>
	<path>D:\JavaScript\NoteBook_det2\dataset\images\im97.jpg</path>
	<source>
		<database>Unknown</database>
	</source>
	<size>
		<width>215</width>
		<height>234</height>
		<depth>3</depth>
	</size>
	<segmented>0</segmented>
	<object>
		<name>notebook</name>
		<pose>Unspecified</pose>
		<truncated>0</truncated>
		<difficult>0</difficult>
		<bndbox>
			<xmin>40</xmin>
			<ymin>122</ymin>
			<xmax>165</xmax>
			<ymax>215</ymax>
		</bndbox>
	</object>
</annotation>
