<annotation>
	<folder>images</folder>
	<filename>WIN_20240102_10_22_23_Pro.jpg</filename>
	<path>D:\JavaScript\NoteBook_det2\dataset\images\WIN_20240102_10_22_23_Pro.jpg</path>
	<source>
		<database>Unknown</database>
	</source>
	<size>
		<width>1280</width>
		<height>720</height>
		<depth>3</depth>
	</size>
	<segmented>0</segmented>
	<object>
		<name>notebook</name>
		<pose>Unspecified</pose>
		<truncated>0</truncated>
		<difficult>0</difficult>
		<bndbox>
			<xmin>508</xmin>
			<ymin>41</ymin>
			<xmax>956</xmax>
			<ymax>625</ymax>
		</bndbox>
	</object>
</annotation>
