<annotation>
	<folder>images</folder>
	<filename>WIN_20240102_10_17_46_Pro.jpg</filename>
	<path>D:\JavaScript\NoteBook_det2\dataset\images\WIN_20240102_10_17_46_Pro.jpg</path>
	<source>
		<database>Unknown</database>
	</source>
	<size>
		<width>1280</width>
		<height>720</height>
		<depth>3</depth>
	</size>
	<segmented>0</segmented>
	<object>
		<name>notebook</name>
		<pose>Unspecified</pose>
		<truncated>1</truncated>
		<difficult>0</difficult>
		<bndbox>
			<xmin>252</xmin>
			<ymin>323</ymin>
			<xmax>580</xmax>
			<ymax>720</ymax>
		</bndbox>
	</object>
	<object>
		<name>notebook</name>
		<pose>Unspecified</pose>
		<truncated>1</truncated>
		<difficult>0</difficult>
		<bndbox>
			<xmin>565</xmin>
			<ymin>327</ymin>
			<xmax>875</xmax>
			<ymax>720</ymax>
		</bndbox>
	</object>
</annotation>
