<annotation>
	<folder>images</folder>
	<filename>WIN_20240102_10_28_45_Pro.jpg</filename>
	<path>D:\JavaScript\NoteBook_det2\dataset\images\WIN_20240102_10_28_45_Pro.jpg</path>
	<source>
		<database>Unknown</database>
	</source>
	<size>
		<width>1280</width>
		<height>720</height>
		<depth>3</depth>
	</size>
	<segmented>0</segmented>
	<object>
		<name>notebook</name>
		<pose>Unspecified</pose>
		<truncated>1</truncated>
		<difficult>0</difficult>
		<bndbox>
			<xmin>274</xmin>
			<ymin>82</ymin>
			<xmax>756</xmax>
			<ymax>720</ymax>
		</bndbox>
	</object>
	<object>
		<name>notebook</name>
		<pose>Unspecified</pose>
		<truncated>0</truncated>
		<difficult>0</difficult>
		<bndbox>
			<xmin>719</xmin>
			<ymin>67</ymin>
			<xmax>1172</xmax>
			<ymax>711</ymax>
		</bndbox>
	</object>
</annotation>
