<annotation>
	<folder>images</folder>
	<filename>WIN_20240102_10_27_32_Pro.jpg</filename>
	<path>D:\JavaScript\NoteBook_det2\dataset\images\WIN_20240102_10_27_32_Pro.jpg</path>
	<source>
		<database>Unknown</database>
	</source>
	<size>
		<width>1280</width>
		<height>720</height>
		<depth>3</depth>
	</size>
	<segmented>0</segmented>
	<object>
		<name>notebook</name>
		<pose>Unspecified</pose>
		<truncated>0</truncated>
		<difficult>0</difficult>
		<bndbox>
			<xmin>504</xmin>
			<ymin>69</ymin>
			<xmax>942</xmax>
			<ymax>681</ymax>
		</bndbox>
	</object>
</annotation>
