<annotation>
	<folder>images</folder>
	<filename>WIN_20240102_10_27_48_Pro.jpg</filename>
	<path>D:\JavaScript\NoteBook_det2\dataset\images\WIN_20240102_10_27_48_Pro.jpg</path>
	<source>
		<database>Unknown</database>
	</source>
	<size>
		<width>1280</width>
		<height>720</height>
		<depth>3</depth>
	</size>
	<segmented>0</segmented>
	<object>
		<name>notebook</name>
		<pose>Unspecified</pose>
		<truncated>0</truncated>
		<difficult>0</difficult>
		<bndbox>
			<xmin>157</xmin>
			<ymin>3</ymin>
			<xmax>520</xmax>
			<ymax>499</ymax>
		</bndbox>
	</object>
	<object>
		<name>notebook</name>
		<pose>Unspecified</pose>
		<truncated>1</truncated>
		<difficult>0</difficult>
		<bndbox>
			<xmin>517</xmin>
			<ymin>1</ymin>
			<xmax>860</xmax>
			<ymax>495</ymax>
		</bndbox>
	</object>
</annotation>
